advertiser_id,creative_index,text
0,0,美妆000美妆个护 成分安全，学生专享，促销调性，复购导向，价格优惠，立即行动
0,1,美妆000美妆个护 价格优惠，白领专享，情感调性，复购导向，限量，立即行动
1,0,3C0013C数码 新品首发，年轻人专享，专业调性，拉新导向，价格优惠，立即行动
1,1,3C0013C数码 新品首发，白领专享，专业调性，到店导向，限量，立即行动
2,0,服饰002服饰鞋包 潮流新款，年轻人专享，潮流调性，转化导向，免费，立即行动
2,1,服饰002服饰鞋包 换季折扣，学生专享，促销调性，到店导向，免费，立即行动
3,0,食品003食品饮料 产地直供，家庭专享，促销调性，复购导向，限量，立即行动
3,1,食品003食品饮料 产地直供，家庭专享，促销调性，复购导向，免费，立即行动
4,0,本地004本地生活 商圈热销，本地专享，亲切调性，转化导向，限量，立即行动
4,1,本地004本地生活 商圈热销，白领专享，亲切调性，品牌导向，免费，立即行动
5,0,游戏005游戏娱乐 限时皮肤，男性专享，紧迫调性，复购导向，免费，立即行动
5,1,游戏005游戏娱乐 新服开测，男性专享，幽默调性，转化导向，免费，立即行动
6,0,金融006金融信贷 新人礼，白领专享，权威调性，拉新导向，限量，立即行动
6,1,金融006金融信贷 额度高，年轻人专享，权威调性，转化导向，免费，立即行动
7,0,教育007教育培训 小班教学，白领专享，亲切调性，品牌导向，免费，立即行动
7,1,教育007教育培训 名师授课，白领专享，亲切调性，到店导向，价格优惠，立即行动
8,0,美妆008美妆个护 成分安全，女性专享，促销调性，到店导向，折扣，立即行动
8,1,美妆008美妆个护 限量礼盒，白领专享，情感调性，品牌导向，折扣，立即行动
9,0,3C0093C数码 性能强悍，年轻人专享，潮流调性，拉新导向，免费，立即行动
9,1,3C0093C数码 性价比，白领专享，潮流调性，品牌导向，价格优惠，立即行动
10,0,服饰010服饰鞋包 限时优惠，女性专享，促销调性，品牌导向，限量，立即行动
10,1,服饰010服饰鞋包 换季折扣，女性专享，潮流调性，转化导向，折扣，立即行动
11,0,食品011食品饮料 健康低脂，女性专享，亲切调性，转化导向，价格优惠，立即行动
11,1,食品011食品饮料 礼盒装，女性专享，亲切调性，品牌导向，限量，立即行动
12,0,本地012本地生活 商圈热销，本地专享，亲切调性，品牌导向，限量，立即行动
12,1,本地012本地生活 团购低价，本地专享，促销调性，拉新导向，限量，立即行动
13,0,游戏013游戏娱乐 新服开测，游戏专享，幽默调性，复购导向，折扣，立即行动
13,1,游戏013游戏娱乐 免费下载，男性专享，幽默调性，到店导向，价格优惠，立即行动
14,0,金融014金融信贷 专业合规，白领专享，权威调性，品牌导向，限量，立即行动
14,1,金融014金融信贷 额度高，男性专享，权威调性，转化导向，价格优惠，立即行动
15,0,教育015教育培训 名师授课，宝妈专享，专业调性，拉新导向，价格优惠，立即行动
15,1,教育015教育培训 小班教学，宝妈专享，亲切调性，品牌导向，折扣，立即行动
16,0,美妆016美妆个护 限量礼盒，女性专享，情感调性，转化导向，折扣，立即行动
16,1,美妆016美妆个护 新品上市，学生专享，情感调性，转化导向，价格优惠，立即行动
17,0,3C0173C数码 性价比，男性专享，专业调性，复购导向，限量，立即行动
17,1,3C0173C数码 性能强悍，男性专享，潮流调性，到店导向，免费，立即行动
18,0,服饰018服饰鞋包 会员专享，女性专享，潮流调性，品牌导向，免费，立即行动
18,1,服饰018服饰鞋包 限时优惠，女性专享，促销调性，品牌导向，折扣，立即行动
19,0,食品019食品饮料 第二件半价，年轻人专享，亲切调性，品牌导向，价格优惠，立即行动
19,1,食品019食品饮料 礼盒装，年轻人专享，促销调性，品牌导向，折扣，立即行动
20,0,本地020本地生活 商圈热销，家庭专享，亲切调性，到店导向，限量，立即行动
20,1,本地020本地生活 免费体验，本地专享，促销调性，转化导向，折扣，立即行动
21,0,游戏021游戏娱乐 限时皮肤，游戏专享，幽默调性，转化导向，限量，立即行动
21,1,游戏021游戏娱乐 免费下载，男性专享，幽默调性，拉新导向，价格优惠，立即行动
22,0,金融022金融信贷 额度高，白领专享，权威调性，转化导向，免费，立即行动
22,1,金融022金融信贷 低息快批，白领专享，专业调性，到店导向，价格优惠，立即行动
23,0,教育023教育培训 考纲精准，学生专享，专业调性，转化导向，限量，立即行动
23,1,教育023教育培训 名师授课，学生专享，专业调性，复购导向，免费，立即行动
24,0,美妆024美妆个护 成分安全，学生专享，情感调性，转化导向，限量，立即行动
24,1,美妆024美妆个护 限量礼盒，学生专享，情感调性，拉新导向，限量，立即行动
25,0,3C0253C数码 以旧换新，白领专享，潮流调性，品牌导向，限量，立即行动
25,1,3C0253C数码 性价比，白领专享，潮流调性，拉新导向，折扣，立即行动
26,0,服饰026服饰鞋包 潮流新款，年轻人专享，潮流调性，复购导向，价格优惠，立即行动
26,1,服饰026服饰鞋包 潮流新款，学生专享，促销调性，复购导向，限量，立即行动
27,0,食品027食品饮料 礼盒装，女性专享，亲切调性，拉新导向，价格优惠，立即行动
27,1,食品027食品饮料 健康低脂，家庭专享，亲切调性，品牌导向，免费，立即行动
28,0,本地028本地生活 免费体验，本地专享，亲切调性，到店导向，价格优惠，立即行动
28,1,本地028本地生活 商圈热销，家庭专享，亲切调性，品牌导向，限量，立即行动
29,0,游戏029游戏娱乐 免费下载，男性专享，紧迫调性，品牌导向，折扣，立即行动
29,1,游戏029游戏娱乐 首充返利，游戏专享，幽默调性，复购导向，限量，立即行动
30,0,金融030金融信贷 额度高，年轻人专享，权威调性，品牌导向，限量，立即行动
30,1,金融030金融信贷 新人礼，白领专享，权威调性，复购导向，折扣，立即行动
31,0,教育031教育培训 名师授课，白领专享，亲切调性，品牌导向，免费，立即行动
31,1,教育031教育培训 免费试听，学生专享，亲切调性，转化导向，免费，立即行动
32,0,美妆032美妆个护 成分安全，女性专享，促销调性，到店导向，限量，立即行动
32,1,美妆032美妆个护 新品上市，女性专享，促销调性，品牌导向，免费，立即行动
33,0,3C0333C数码 性能强悍，男性专享，潮流调性，到店导向，免费，立即行动
33,1,3C0333C数码 以旧换新，年轻人专享，专业调性，拉新导向，限量，立即行动
34,0,服饰034服饰鞋包 会员专享，女性专享，潮流调性，拉新导向，折扣，立即行动
34,1,服饰034服饰鞋包 换季折扣，学生专享，促销调性，到店导向，价格优惠，立即行动
35,0,食品035食品饮料 礼盒装，家庭专享，亲切调性，到店导向，价格优惠，立即行动
35,1,食品035食品饮料 第二件半价，年轻人专享，促销调性，到店导向，限量，立即行动
36,0,本地036本地生活 团购低价，本地专享，亲切调性，复购导向，价格优惠，立即行动
36,1,本地036本地生活 到店优惠，本地专享，促销调性，转化导向，免费，立即行动
37,0,游戏037游戏娱乐 首充返利，年轻人专享，紧迫调性，转化导向，限量，立即行动
37,1,游戏037游戏娱乐 免费下载，男性专享，幽默调性，品牌导向，折扣，立即行动
38,0,金融038金融信贷 专业合规，男性专享，专业调性，复购导向，折扣，立即行动
38,1,金融038金融信贷 新人礼，白领专享，专业调性，品牌导向，免费，立即行动
39,0,教育039教育培训 小班教学，宝妈专享，专业调性，复购导向，限量，立即行动
39,1,教育039教育培训 免费试听，学生专享，专业调性，到店导向，价格优惠，立即行动
40,0,美妆040美妆个护 成分安全，白领专享，情感调性，复购导向，免费，立即行动
40,1,美妆040美妆个护 新品上市，白领专享，情感调性，复购导向，折扣，立即行动
41,0,3C0413C数码 新品首发，白领专享，专业调性，到店导向，限量，立即行动
41,1,3C0413C数码 新品首发，白领专享，潮流调性，拉新导向，限量，立即行动
42,0,服饰042服饰鞋包 换季折扣，女性专享，促销调性，拉新导向，折扣，立即行动
42,1,服饰042服饰鞋包 换季折扣，学生专享，潮流调性，转化导向，免费，立即行动
43,0,食品043食品饮料 健康低脂，女性专享，促销调性，到店导向，价格优惠，立即行动
43,1,食品043食品饮料 礼盒装，女性专享，促销调性，品牌导向，折扣，立即行动
44,0,本地044本地生活 团购低价，本地专享，亲切调性，转化导向，折扣，立即行动
44,1,本地044本地生活 商圈热销，白领专享，亲切调性，到店导向，免费，立即行动
45,0,游戏045游戏娱乐 免费下载，男性专享，紧迫调性，品牌导向，限量，立即行动
45,1,游戏045游戏娱乐 免费下载，年轻人专享，紧迫调性，拉新导向，限量，立即行动
46,0,金融046金融信贷 额度高，白领专享，权威调性，到店导向，限量，立即行动
46,1,金融046金融信贷 专业合规，年轻人专享，权威调性，品牌导向，免费，立即行动
47,0,教育047教育培训 考纲精准，白领专享，亲切调性，到店导向，折扣，立即行动
47,1,教育047教育培训 考纲精准，宝妈专享，亲切调性，拉新导向，免费，立即行动
48,0,美妆048美妆个护 新品上市，白领专享，促销调性，转化导向，价格优惠，立即行动
48,1,美妆048美妆个护 成分安全，女性专享，促销调性，拉新导向，价格优惠，立即行动
49,0,3C0493C数码 新品首发，年轻人专享，潮流调性，到店导向，限量，立即行动
49,1,3C0493C数码 新品首发，白领专享，专业调性，到店导向，限量，立即行动
50,0,服饰050服饰鞋包 会员专享，年轻人专享，促销调性，品牌导向，限量，立即行动
50,1,服饰050服饰鞋包 限时优惠，年轻人专享，促销调性，转化导向，限量，立即行动
51,0,食品051食品饮料 礼盒装，女性专享，促销调性，到店导向，限量，立即行动
51,1,食品051食品饮料 产地直供，家庭专享，促销调性，拉新导向，折扣，立即行动
52,0,本地052本地生活 到店优惠，家庭专享，亲切调性，转化导向，折扣，立即行动
52,1,本地052本地生活 到店优惠，白领专享，亲切调性，复购导向，免费，立即行动
53,0,游戏053游戏娱乐 免费下载，游戏专享，紧迫调性，转化导向，限量，立即行动
53,1,游戏053游戏娱乐 新服开测，年轻人专享，幽默调性，品牌导向，价格优惠，立即行动
54,0,金融054金融信贷 新人礼，白领专享，权威调性，品牌导向，折扣，立即行动
54,1,金融054金融信贷 额度高，白领专享，专业调性，品牌导向，限量，立即行动
55,0,教育055教育培训 小班教学，宝妈专享，亲切调性，转化导向，品质，立即行动
55,1,教育055教育培训 考纲精准，学生专享，亲切调性，到店导向，限量，立即行动
56,0,美妆056美妆个护 成分安全，女性专享，情感调性，转化导向，折扣，立即行动
56,1,美妆056美妆个护 成分安全，学生专享，情感调性，到店导向，折扣，立即行动
57,0,3C0573C数码 新品首发，男性专享，潮流调性，到店导向，折扣，立即行动
57,1,3C0573C数码 新品首发，白领专享，潮流调性，拉新导向，免费，立即行动
58,0,服饰058服饰鞋包 换季折扣，年轻人专享，潮流调性，复购导向，免费，立即行动
58,1,服饰058服饰鞋包 会员专享，年轻人专享，潮流调性，到店导向，折扣，立即行动
59,0,食品059食品饮料 产地直供，家庭专享，亲切调性，复购导向，折扣，立即行动
59,1,食品059食品饮料 礼盒装，年轻人专享，促销调性，到店导向，折扣，立即行动
60,0,本地060本地生活 团购低价，家庭专享，亲切调性，拉新导向，价格优惠，立即行动
60,1,本地060本地生活 到店优惠，白领专享，促销调性，复购导向，折扣，立即行动
61,0,游戏061游戏娱乐 首充返利，年轻人专享，紧迫调性，到店导向，价格优惠，立即行动
61,1,游戏061游戏娱乐 免费下载，年轻人专享，幽默调性，拉新导向，折扣，立即行动
62,0,金融062金融信贷 新人礼，年轻人专享，权威调性，复购导向，折扣，立即行动
62,1,金融062金融信贷 低息快批，男性专享，专业调性，拉新导向，限量，立即行动
63,0,教育063教育培训 名师授课，学生专享，亲切调性，转化导向，限量，立即行动
63,1,教育063教育培训 名师授课，学生专享，专业调性，复购导向，免费，立即行动
64,0,美妆064美妆个护 成分安全，女性专享，情感调性，复购导向，限量，立即行动
64,1,美妆064美妆个护 限量礼盒，女性专享，促销调性，拉新导向，限量，立即行动
65,0,3C0653C数码 性能强悍，年轻人专享，专业调性，拉新导向，免费，立即行动
65,1,3C0653C数码 性价比，年轻人专享，专业调性，到店导向，价格优惠，立即行动
66,0,服饰066服饰鞋包 会员专享，女性专享，潮流调性，到店导向，价格优惠，立即行动
66,1,服饰066服饰鞋包 限时优惠，女性专享，潮流调性，复购导向，价格优惠，立即行动
67,0,食品067食品饮料 健康低脂，女性专享，亲切调性，转化导向，免费，立即行动
67,1,食品067食品饮料 礼盒装，家庭专享，促销调性，品牌导向，免费，立即行动
68,0,本地068本地生活 到店优惠，本地专享，促销调性，品牌导向，价格优惠，立即行动
68,1,本地068本地生活 到店优惠，白领专享，亲切调性，到店导向，折扣，立即行动
69,0,游戏069游戏娱乐 新服开测，游戏专享，紧迫调性，品牌导向，限量，立即行动
69,1,游戏069游戏娱乐 新服开测，游戏专享，紧迫调性，转化导向，限量，立即行动
70,0,金融070金融信贷 额度高，男性专享，专业调性，转化导向，免费，立即行动
70,1,金融070金融信贷 低息快批，男性专享，权威调性，到店导向，限量，立即行动
71,0,教育071教育培训 考纲精准，白领专享，亲切调性，复购导向，限量，立即行动
71,1,教育071教育培训 考纲精准，宝妈专享，专业调性，复购导向，限量，立即行动
72,0,美妆072美妆个护 限量礼盒，白领专享，情感调性，复购导向，限量，立即行动
72,1,美妆072美妆个护 限量礼盒，白领专享，促销调性，复购导向，折扣，立即行动
73,0,3C0733C数码 性价比，年轻人专享，专业调性，拉新导向，限量，立即行动
73,1,3C0733C数码 性能强悍，男性专享，专业调性，拉新导向，免费，立即行动
74,0,服饰074服饰鞋包 潮流新款，女性专享，促销调性，转化导向，折扣，立即行动
74,1,服饰074服饰鞋包 限时优惠，女性专享，潮流调性，品牌导向，折扣，立即行动
75,0,食品075食品饮料 第二件半价，家庭专享，亲切调性，复购导向，折扣，立即行动
75,1,食品075食品饮料 礼盒装，年轻人专享，促销调性，转化导向，限量，立即行动
76,0,本地076本地生活 商圈热销，白领专享，亲切调性，复购导向，折扣，立即行动
76,1,本地076本地生活 免费体验，家庭专享，促销调性，转化导向，折扣，立即行动
77,0,游戏077游戏娱乐 免费下载，游戏专享，紧迫调性，复购导向，价格优惠，立即行动
77,1,游戏077游戏娱乐 免费下载，男性专享，幽默调性，品牌导向，价格优惠，立即行动
78,0,金融078金融信贷 低息快批，白领专享，权威调性，复购导向，价格优惠，立即行动
78,1,金融078金融信贷 新人礼，年轻人专享，权威调性，复购导向，折扣，立即行动
79,0,教育079教育培训 免费试听，宝妈专享，专业调性，品牌导向，折扣，立即行动
79,1,教育079教育培训 考纲精准，宝妈专享，亲切调性，到店导向，折扣，立即行动
80,0,美妆080美妆个护 限量礼盒，女性专享，促销调性，拉新导向，限量，立即行动
80,1,美妆080美妆个护 价格优惠，白领专享，促销调性，转化导向，限量，立即行动
81,0,3C0813C数码 性能强悍，白领专享，潮流调性，复购导向，折扣，立即行动
81,1,3C0813C数码 性价比，白领专享，专业调性，到店导向，限量，立即行动
82,0,服饰082服饰鞋包 会员专享，女性专享，潮流调性，到店导向，免费，立即行动
82,1,服饰082服饰鞋包 潮流新款，女性专享，促销调性，复购导向，价格优惠，立即行动
83,0,食品083食品饮料 产地直供，女性专享，亲切调性，到店导向，免费，立即行动
83,1,食品083食品饮料 产地直供，女性专享，促销调性，复购导向，折扣，立即行动
84,0,本地084本地生活 商圈热销，白领专享，亲切调性，转化导向，限量，立即行动
84,1,本地084本地生活 团购低价，本地专享，亲切调性，复购导向，免费，立即行动
85,0,游戏085游戏娱乐 首充返利，男性专享，幽默调性，品牌导向，价格优惠，立即行动
85,1,游戏085游戏娱乐 新服开测，男性专享，幽默调性，复购导向，限量，立即行动
86,0,金融086金融信贷 额度高，男性专享，专业调性，复购导向，免费，立即行动
86,1,金融086金融信贷 专业合规，白领专享，专业调性，到店导向，折扣，立即行动
87,0,教育087教育培训 小班教学，学生专享，专业调性，拉新导向，折扣，立即行动
87,1,教育087教育培训 考纲精准，白领专享，亲切调性，复购导向，价格优惠，立即行动
88,0,美妆088美妆个护 新品上市，学生专享，情感调性，拉新导向，折扣，立即行动
88,1,美妆088美妆个护 新品上市，白领专享，促销调性，品牌导向，折扣，立即行动
89,0,3C0893C数码 新品首发，年轻人专享，专业调性，复购导向，限量，立即行动
89,1,3C0893C数码 性价比，白领专享，专业调性，品牌导向，限量，立即行动
90,0,服饰090服饰鞋包 限时优惠，年轻人专享，促销调性，拉新导向，免费，立即行动
90,1,服饰090服饰鞋包 限时优惠，年轻人专享，潮流调性，拉新导向，折扣，立即行动
91,0,食品091食品饮料 第二件半价，女性专享，亲切调性，复购导向，价格优惠，立即行动
91,1,食品091食品饮料 礼盒装，家庭专享，亲切调性，复购导向，限量，立即行动
92,0,本地092本地生活 商圈热销，白领专享，促销调性，到店导向，免费，立即行动
92,1,本地092本地生活 到店优惠，白领专享，促销调性，品牌导向，限量，立即行动
93,0,游戏093游戏娱乐 新服开测，男性专享，紧迫调性，品牌导向，折扣，立即行动
93,1,游戏093游戏娱乐 新服开测，游戏专享，幽默调性，转化导向，限量，立即行动
94,0,金融094金融信贷 低息快批，年轻人专享，专业调性，转化导向，折扣，立即行动
94,1,金融094金融信贷 专业合规，男性专享，专业调性，拉新导向，限量，立即行动
95,0,教育095教育培训 名师授课，白领专享，专业调性，转化导向，免费，立即行动
95,1,教育095教育培训 小班教学，白领专享，专业调性，拉新导向，价格优惠，立即行动
96,0,美妆096美妆个护 成分安全，白领专享，情感调性，到店导向，折扣，立即行动
96,1,美妆096美妆个护 价格优惠，女性专享，促销调性，转化导向，限量，立即行动
97,0,3C0973C数码 性价比，白领专享，专业调性，品牌导向，免费，立即行动
97,1,3C0973C数码 以旧换新，白领专享，专业调性，拉新导向，折扣，立即行动
98,0,服饰098服饰鞋包 换季折扣，学生专享，潮流调性，拉新导向，免费，立即行动
98,1,服饰098服饰鞋包 会员专享，学生专享，潮流调性，到店导向，免费，立即行动
99,0,食品099食品饮料 产地直供，女性专享，促销调性，拉新导向，折扣，立即行动
99,1,食品099食品饮料 健康低脂，家庭专享，促销调性，复购导向，免费，立即行动
100,0,本地100本地生活 团购低价，家庭专享，促销调性，复购导向，价格优惠，立即行动
100,1,本地100本地生活 商圈热销，家庭专享，亲切调性，转化导向，折扣，立即行动
101,0,游戏101游戏娱乐 免费下载，年轻人专享，幽默调性，到店导向，限量，立即行动
101,1,游戏101游戏娱乐 新服开测，游戏专享，紧迫调性，到店导向，限量，立即行动
102,0,金融102金融信贷 额度高，男性专享，专业调性，拉新导向，限量，立即行动
102,1,金融102金融信贷 低息快批，年轻人专享，专业调性，转化导向，折扣，立即行动
103,0,教育103教育培训 免费试听，学生专享，亲切调性，复购导向，折扣，立即行动
103,1,教育103教育培训 名师授课，白领专享，亲切调性，转化导向，限量，立即行动
104,0,美妆104美妆个护 价格优惠，学生专享，情感调性，品牌导向，价格优惠，立即行动
104,1,美妆104美妆个护 限量礼盒，白领专享，促销调性，拉新导向，折扣，立即行动
105,0,3C1053C数码 新品首发，年轻人专享，专业调性，到店导向，限量，立即行动
105,1,3C1053C数码 性价比，白领专享，专业调性，复购导向，专业，立即行动
106,0,服饰106服饰鞋包 限时优惠，年轻人专享，潮流调性，品牌导向，限量，立即行动
106,1,服饰106服饰鞋包 限时优惠，年轻人专享，促销调性，到店导向，限量，立即行动
107,0,食品107食品饮料 产地直供，家庭专享，促销调性，拉新导向，价格优惠，立即行动
107,1,食品107食品饮料 产地直供，女性专享，亲切调性，拉新导向，价格优惠，立即行动
108,0,本地108本地生活 商圈热销，白领专享，促销调性，品牌导向，价格优惠，立即行动
108,1,本地108本地生活 免费体验，白领专享，促销调性，复购导向，限量，立即行动
109,0,游戏109游戏娱乐 免费下载，年轻人专享，紧迫调性，复购导向，价格优惠，立即行动
109,1,游戏109游戏娱乐 限时皮肤，年轻人专享，紧迫调性，拉新导向，折扣，立即行动
110,0,金融110金融信贷 专业合规，白领专享，专业调性，复购导向，价格优惠，立即行动
110,1,金融110金融信贷 额度高，白领专享，权威调性，拉新导向，限量，立即行动
111,0,教育111教育培训 免费试听，白领专享，亲切调性，品牌导向，价格优惠，立即行动
111,1,教育111教育培训 考纲精准，宝妈专享，亲切调性，复购导向，免费，立即行动
112,0,美妆112美妆个护 新品上市，女性专享，情感调性，到店导向，价格优惠，立即行动
112,1,美妆112美妆个护 价格优惠，学生专享，情感调性，品牌导向，折扣，立即行动
113,0,3C1133C数码 以旧换新，年轻人专享，潮流调性，拉新导向，折扣，立即行动
113,1,3C1133C数码 性能强悍，年轻人专享，专业调性，品牌导向，折扣，立即行动
114,0,服饰114服饰鞋包 会员专享，学生专享，促销调性，复购导向，折扣，立即行动
114,1,服饰114服饰鞋包 潮流新款，女性专享，潮流调性，拉新导向，价格优惠，立即行动
115,0,食品115食品饮料 产地直供，家庭专享，亲切调性，到店导向，限量，立即行动
115,1,食品115食品饮料 礼盒装，年轻人专享，亲切调性，拉新导向，价格优惠，立即行动
116,0,本地116本地生活 商圈热销，本地专享，促销调性，到店导向，折扣，立即行动
116,1,本地116本地生活 团购低价，白领专享，促销调性，品牌导向，折扣，立即行动
117,0,游戏117游戏娱乐 首充返利，游戏专享，幽默调性，转化导向，限量，立即行动
117,1,游戏117游戏娱乐 限时皮肤，年轻人专享，幽默调性，拉新导向，专业，立即行动
118,0,金融118金融信贷 低息快批，年轻人专享，专业调性，转化导向，免费，立即行动
118,1,金融118金融信贷 低息快批，年轻人专享，权威调性，复购导向，折扣，立即行动
119,0,教育119教育培训 免费试听，宝妈专享，亲切调性，到店导向，限量，立即行动
119,1,教育119教育培训 小班教学，学生专享，专业调性，品牌导向，品质，立即行动
120,0,美妆120美妆个护 限量礼盒，女性专享，情感调性，到店导向，限量，立即行动
120,1,美妆120美妆个护 新品上市，白领专享，情感调性，复购导向，限量，立即行动
121,0,3C1213C数码 性能强悍，年轻人专享，专业调性，转化导向，免费，立即行动
121,1,3C1213C数码 性价比，男性专享，潮流调性，转化导向，免费，立即行动
122,0,服饰122服饰鞋包 限时优惠，年轻人专享，促销调性，品牌导向，价格优惠，立即行动
122,1,服饰122服饰鞋包 限时优惠，学生专享，潮流调性，拉新导向，限量，立即行动
123,0,食品123食品饮料 健康低脂，家庭专享，促销调性，到店导向，价格优惠，立即行动
123,1,食品123食品饮料 产地直供，女性专享，促销调性，拉新导向，折扣，立即行动
124,0,本地124本地生活 商圈热销，家庭专享，促销调性，拉新导向，折扣，立即行动
124,1,本地124本地生活 免费体验，白领专享，亲切调性，到店导向，限量，立即行动
125,0,游戏125游戏娱乐 新服开测，游戏专享，紧迫调性，转化导向，折扣，立即行动
125,1,游戏125游戏娱乐 免费下载，男性专享，幽默调性，转化导向，免费，立即行动
126,0,金融126金融信贷 额度高，年轻人专享，专业调性，到店导向，免费，立即行动
126,1,金融126金融信贷 新人礼，白领专享，权威调性，到店导向，价格优惠，立即行动
127,0,教育127教育培训 小班教学，白领专享，专业调性，转化导向，折扣，立即行动
127,1,教育127教育培训 免费试听，学生专享，亲切调性，品牌导向，免费，立即行动
128,0,美妆128美妆个护 成分安全，白领专享，情感调性，拉新导向，限量，立即行动
128,1,美妆128美妆个护 限量礼盒，女性专享，促销调性，转化导向，折扣，立即行动
129,0,3C1293C数码 性价比，年轻人专享，潮流调性，复购导向，价格优惠，立即行动
129,1,3C1293C数码 以旧换新，年轻人专享，潮流调性，品牌导向，免费，立即行动
130,0,服饰130服饰鞋包 潮流新款，年轻人专享，潮流调性，品牌导向，折扣，立即行动
130,1,服饰130服饰鞋包 限时优惠，学生专享，促销调性，复购导向，限量，立即行动
131,0,食品131食品饮料 第二件半价，家庭专享，亲切调性，品牌导向，免费，立即行动
131,1,食品131食品饮料 产地直供，年轻人专享，促销调性，复购导向，限量，立即行动
132,0,本地132本地生活 商圈热销，家庭专享，促销调性，到店导向，价格优惠，立即行动
132,1,本地132本地生活 免费体验，白领专享，促销调性，复购导向，价格优惠，立即行动
133,0,游戏133游戏娱乐 限时皮肤，年轻人专享，紧迫调性，到店导向，免费，立即行动
133,1,游戏133游戏娱乐 首充返利，年轻人专享，紧迫调性，到店导向，折扣，立即行动
134,0,金融134金融信贷 专业合规，年轻人专享，专业调性，到店导向，限量，立即行动
134,1,金融134金融信贷 低息快批，白领专享，专业调性，到店导向，免费，立即行动
135,0,教育135教育培训 考纲精准，宝妈专享，专业调性，品牌导向，免费，立即行动
135,1,教育135教育培训 小班教学，宝妈专享，亲切调性，复购导向，免费，立即行动
136,0,美妆136美妆个护 限量礼盒，女性专享，促销调性，品牌导向，价格优惠，立即行动
136,1,美妆136美妆个护 价格优惠，女性专享，促销调性，品牌导向，折扣，立即行动
137,0,3C1373C数码 性价比，男性专享，专业调性，到店导向，免费，立即行动
137,1,3C1373C数码 性价比，白领专享，专业调性，品牌导向，限量，立即行动
138,0,服饰138服饰鞋包 限时优惠，学生专享，潮流调性，到店导向，价格优惠，立即行动
138,1,服饰138服饰鞋包 换季折扣，年轻人专享，潮流调性，到店导向，限量，立即行动
139,0,食品139食品饮料 礼盒装，女性专享，亲切调性，到店导向，价格优惠，立即行动
139,1,食品139食品饮料 健康低脂，年轻人专享，促销调性，转化导向，限量，立即行动
140,0,本地140本地生活 商圈热销，家庭专享，亲切调性，复购导向，限量，立即行动
140,1,本地140本地生活 商圈热销，白领专享，促销调性，复购导向，免费，立即行动
141,0,游戏141游戏娱乐 免费下载，游戏专享，紧迫调性，拉新导向，折扣，立即行动
141,1,游戏141游戏娱乐 新服开测，男性专享，紧迫调性，转化导向，限量，立即行动
142,0,金融142金融信贷 额度高，男性专享，权威调性，拉新导向，价格优惠，立即行动
142,1,金融142金融信贷 新人礼，白领专享，专业调性，拉新导向，免费，立即行动
143,0,教育143教育培训 免费试听，学生专享，专业调性，拉新导向，限量，立即行动
143,1,教育143教育培训 小班教学，白领专享，专业调性，到店导向，折扣，立即行动
144,0,美妆144美妆个护 成分安全，女性专享，情感调性，品牌导向，折扣，立即行动
144,1,美妆144美妆个护 限量礼盒，学生专享，促销调性，复购导向，价格优惠，立即行动
145,0,3C1453C数码 性能强悍，年轻人专享，专业调性，复购导向，折扣，立即行动
145,1,3C1453C数码 性能强悍，男性专享，潮流调性，到店导向，限量，立即行动
146,0,服饰146服饰鞋包 会员专享，女性专享，潮流调性，拉新导向，价格优惠，立即行动
146,1,服饰146服饰鞋包 换季折扣，女性专享，潮流调性，拉新导向，价格优惠，立即行动
147,0,食品147食品饮料 产地直供，年轻人专享，亲切调性，复购导向，折扣，立即行动
147,1,食品147食品饮料 健康低脂，年轻人专享，促销调性，品牌导向，折扣，立即行动
148,0,本地148本地生活 商圈热销，白领专享，亲切调性，拉新导向，限量，立即行动
148,1,本地148本地生活 免费体验，家庭专享，亲切调性，到店导向，价格优惠，立即行动
149,0,游戏149游戏娱乐 免费下载，年轻人专享，紧迫调性，品牌导向，折扣，立即行动
149,1,游戏149游戏娱乐 新服开测，男性专享，幽默调性，转化导向，免费，立即行动
150,0,金融150金融信贷 额度高，白领专享，权威调性，拉新导向，折扣，立即行动
150,1,金融150金融信贷 额度高，男性专享，权威调性，复购导向，价格优惠，立即行动
151,0,教育151教育培训 小班教学，宝妈专享，亲切调性，品牌导向，免费，立即行动
151,1,教育151教育培训 考纲精准，白领专享，亲切调性，转化导向，价格优惠，立即行动
152,0,美妆152美妆个护 新品上市，女性专享，促销调性，拉新导向，品质，立即行动
152,1,美妆152美妆个护 价格优惠，白领专享，促销调性，复购导向，专业，立即行动
153,0,3C1533C数码 性价比，年轻人专享，专业调性，拉新导向，折扣，立即行动
153,1,3C1533C数码 新品首发，男性专享，专业调性，拉新导向，限量，立即行动
154,0,服饰154服饰鞋包 限时优惠，女性专享，潮流调性，拉新导向，限量，立即行动
154,1,服饰154服饰鞋包 潮流新款，年轻人专享，促销调性，复购导向，限量，立即行动
155,0,食品155食品饮料 健康低脂，年轻人专享，亲切调性，拉新导向，限量，立即行动
155,1,食品155食品饮料 产地直供，家庭专享，促销调性，品牌导向，限量，立即行动
156,0,本地156本地生活 免费体验，家庭专享，促销调性，品牌导向，免费，立即行动
156,1,本地156本地生活 免费体验，白领专享，促销调性，品牌导向，折扣，立即行动
157,0,游戏157游戏娱乐 免费下载，年轻人专享，幽默调性，拉新导向，价格优惠，立即行动
157,1,游戏157游戏娱乐 免费下载，年轻人专享，幽默调性，到店导向，折扣，立即行动
158,0,金融158金融信贷 低息快批，年轻人专享，权威调性，品牌导向，折扣，立即行动
158,1,金融158金融信贷 低息快批，年轻人专享，权威调性，复购导向，限量，立即行动
159,0,教育159教育培训 名师授课，白领专享，专业调性，品牌导向，限量，立即行动
159,1,教育159教育培训 小班教学，白领专享，专业调性，品牌导向，折扣，立即行动
160,0,美妆160美妆个护 成分安全，白领专享，情感调性，复购导向，价格优惠，立即行动
160,1,美妆160美妆个护 新品上市，白领专享，情感调性，品牌导向，限量，立即行动
161,0,3C1613C数码 新品首发，年轻人专享，专业调性，品牌导向，价格优惠，立即行动
161,1,3C1613C数码 性能强悍，男性专享，潮流调性，品牌导向，限量，立即行动
162,0,服饰162服饰鞋包 限时优惠，学生专享，潮流调性，到店导向，价格优惠，立即行动
162,1,服饰162服饰鞋包 会员专享，女性专享，促销调性，复购导向，价格优惠，立即行动
163,0,食品163食品饮料 健康低脂，家庭专享，促销调性，复购导向，价格优惠，立即行动
163,1,食品163食品饮料 礼盒装，女性专享，亲切调性，复购导向，免费，立即行动
164,0,本地164本地生活 免费体验，白领专享，亲切调性，复购导向，价格优惠，立即行动
164,1,本地164本地生活 到店优惠，白领专享，亲切调性，复购导向，折扣，立即行动
165,0,游戏165游戏娱乐 新服开测，年轻人专享，紧迫调性，转化导向，免费，立即行动
165,1,游戏165游戏娱乐 新服开测，游戏专享，紧迫调性，拉新导向，价格优惠，立即行动
166,0,金融166金融信贷 低息快批，年轻人专享，权威调性，到店导向，折扣，立即行动
166,1,金融166金融信贷 专业合规，白领专享，专业调性，拉新导向，限量，立即行动
167,0,教育167教育培训 名师授课，宝妈专享，亲切调性，品牌导向，免费，立即行动
167,1,教育167教育培训 考纲精准，学生专享，专业调性，品牌导向，价格优惠，立即行动
168,0,美妆168美妆个护 成分安全，白领专享，情感调性，到店导向，价格优惠，立即行动
168,1,美妆168美妆个护 成分安全，学生专享，情感调性，拉新导向，免费，立即行动
169,0,3C1693C数码 性价比，男性专享，潮流调性，复购导向，价格优惠，立即行动
169,1,3C1693C数码 以旧换新，白领专享，专业调性，复购导向，限量，立即行动
170,0,服饰170服饰鞋包 会员专享，年轻人专享，潮流调性，到店导向，价格优惠，立即行动
170,1,服饰170服饰鞋包 换季折扣，女性专享，潮流调性，转化导向，限量，立即行动
171,0,食品171食品饮料 礼盒装，女性专享，亲切调性，转化导向，免费，立即行动
171,1,食品171食品饮料 产地直供，家庭专享，促销调性，复购导向，免费，立即行动
172,0,本地172本地生活 商圈热销，家庭专享，促销调性，品牌导向，限量，立即行动
172,1,本地172本地生活 商圈热销，本地专享，促销调性，复购导向，折扣，立即行动
173,0,游戏173游戏娱乐 新服开测，男性专享，紧迫调性，拉新导向，折扣，立即行动
173,1,游戏173游戏娱乐 新服开测，男性专享，紧迫调性，复购导向，折扣，立即行动
174,0,金融174金融信贷 专业合规，白领专享，权威调性，拉新导向，免费，立即行动
174,1,金融174金融信贷 专业合规，年轻人专享，专业调性，拉新导向，限量，立即行动
175,0,教育175教育培训 名师授课，宝妈专享，亲切调性，品牌导向，限量，立即行动
175,1,教育175教育培训 名师授课，宝妈专享，亲切调性，拉新导向，价格优惠，立即行动
176,0,美妆176美妆个护 成分安全，女性专享，情感调性，拉新导向，折扣，立即行动
176,1,美妆176美妆个护 成分安全，学生专享，促销调性，拉新导向，折扣，立即行动
177,0,3C1773C数码 以旧换新，年轻人专享，潮流调性，拉新导向，价格优惠，立即行动
177,1,3C1773C数码 以旧换新，男性专享，潮流调性，复购导向，限量，立即行动
178,0,服饰178服饰鞋包 会员专享，学生专享，潮流调性，复购导向，价格优惠，立即行动
178,1,服饰178服饰鞋包 换季折扣，女性专享，促销调性，转化导向，价格优惠，立即行动
179,0,食品179食品饮料 礼盒装，家庭专享，促销调性，品牌导向，折扣，立即行动
179,1,食品179食品饮料 产地直供，年轻人专享，亲切调性，到店导向，折扣，立即行动
180,0,本地180本地生活 团购低价，本地专享，促销调性，品牌导向，价格优惠，立即行动
180,1,本地180本地生活 到店优惠，白领专享，促销调性，复购导向，免费，立即行动
181,0,游戏181游戏娱乐 免费下载，年轻人专享，幽默调性，品牌导向，专业，立即行动
181,1,游戏181游戏娱乐 免费下载，年轻人专享，幽默调性，拉新导向，专业，立即行动
182,0,金融182金融信贷 低息快批，男性专享，专业调性，转化导向，免费，立即行动
182,1,金融182金融信贷 专业合规，白领专享，专业调性，转化导向，免费，立即行动
183,0,教育183教育培训 免费试听，宝妈专享，专业调性，转化导向，免费，立即行动
183,1,教育183教育培训 名师授课，白领专享，亲切调性，复购导向，折扣，立即行动
184,0,美妆184美妆个护 成分安全，女性专享，促销调性，拉新导向，免费，立即行动
184,1,美妆184美妆个护 成分安全，学生专享，促销调性，拉新导向，价格优惠，立即行动
185,0,3C1853C数码 新品首发，年轻人专享，专业调性，转化导向，限量，立即行动
185,1,3C1853C数码 以旧换新，白领专享，潮流调性，品牌导向，限量，立即行动
186,0,服饰186服饰鞋包 限时优惠，女性专享，促销调性，拉新导向，价格优惠，立即行动
186,1,服饰186服饰鞋包 换季折扣，学生专享，潮流调性，拉新导向，免费，立即行动
187,0,食品187食品饮料 产地直供，女性专享，亲切调性，到店导向，限量，立即行动
187,1,食品187食品饮料 礼盒装，女性专享，亲切调性，复购导向，折扣，立即行动
188,0,本地188本地生活 到店优惠，家庭专享，促销调性，复购导向，限量，立即行动
188,1,本地188本地生活 商圈热销，家庭专享，亲切调性，到店导向，免费，立即行动
189,0,游戏189游戏娱乐 限时皮肤，男性专享，紧迫调性，品牌导向，价格优惠，立即行动
189,1,游戏189游戏娱乐 免费下载，游戏专享，紧迫调性，复购导向，免费，立即行动
190,0,金融190金融信贷 低息快批，男性专享，权威调性，复购导向，价格优惠，立即行动
190,1,金融190金融信贷 额度高，年轻人专享，专业调性，复购导向，价格优惠，立即行动
191,0,教育191教育培训 名师授课，宝妈专享，亲切调性，品牌导向，价格优惠，立即行动
191,1,教育191教育培训 免费试听，白领专享，亲切调性，品牌导向，折扣，立即行动
192,0,美妆192美妆个护 价格优惠，女性专享，促销调性，转化导向，价格优惠，立即行动
192,1,美妆192美妆个护 限量礼盒，学生专享，促销调性，复购导向，限量，立即行动
193,0,3C1933C数码 性能强悍，男性专享，专业调性，品牌导向，专业，立即行动
193,1,3C1933C数码 性价比，白领专享，潮流调性，转化导向，专业，立即行动
194,0,服饰194服饰鞋包 限时优惠，女性专享，潮流调性，转化导向，免费，立即行动
194,1,服饰194服饰鞋包 换季折扣，年轻人专享，促销调性，到店导向，折扣，立即行动
195,0,食品195食品饮料 健康低脂，年轻人专享，促销调性，拉新导向，折扣，立即行动
195,1,食品195食品饮料 健康低脂，年轻人专享，亲切调性，拉新导向，限量，立即行动
196,0,本地196本地生活 到店优惠，白领专享，促销调性，复购导向，限量，立即行动
196,1,本地196本地生活 免费体验，白领专享，促销调性，到店导向，折扣，立即行动
197,0,游戏197游戏娱乐 免费下载，年轻人专享，幽默调性，到店导向，价格优惠，立即行动
197,1,游戏197游戏娱乐 新服开测，男性专享，紧迫调性，品牌导向，免费，立即行动
198,0,金融198金融信贷 额度高，白领专享，专业调性，复购导向，价格优惠，立即行动
198,1,金融198金融信贷 低息快批，男性专享，权威调性，拉新导向，限量，立即行动
199,0,教育199教育培训 免费试听，宝妈专享，亲切调性，品牌导向，价格优惠，立即行动
199,1,教育199教育培训 小班教学，白领专享，亲切调性，品牌导向，限量，立即行动
